achievement_apprentice,CgkIw_PP7OYOEAIQBQ
achievement_curious,CgkIw_PP7OYOEAIQGA
achievement_thanks_for_playing,CgkIw_PP7OYOEAIQGw
achievement_40_challenges,CgkIw_PP7OYOEAIQDQ
achievement_genius,CgkIw_PP7OYOEAIQAw
achievement_piece_of_cake,CgkIw_PP7OYOEAIQDw
achievement_30_challenges,CgkIw_PP7OYOEAIQDA
achievement_getting_the_hang_of_it,CgkIw_PP7OYOEAIQEA
achievement_30_skins,CgkIw_PP7OYOEAIQFA
achievement_banking,CgkIw_PP7OYOEAIQGg
achievement_learning_the_ropes,CgkIw_PP7OYOEAIQAg>
achievement_challenger,CgkIw_PP7OYOEAIQCQ
achievement_20_challenges,CgkIw_PP7OYOEAIQCw
achievement_got_lucky,CgkIw_PP7OYOEAIQEQ
achievement_beginner,CgkIw_PP7OYOEAIQBA
achievement_expert,CgkIw_PP7OYOEAIQBg
achievement_40_skins,CgkIw_PP7OYOEAIQFQ
achievement_grand_master,CgkIw_PP7OYOEAIQCA
achievement_its_easy,CgkIw_PP7OYOEAIQAQ
achievement_10_skins,CgkIw_PP7OYOEAIQEg
achievement_20_skins,CgkIw_PP7OYOEAIQEw
achievement_master,CgkIw_PP7OYOEAIQBw
achievement_10_challenges,CgkIw_PP7OYOEAIQCg
achievement_reskinning,CgkIw_PP7OYOEAIQGQ
achievement_50_skins,CgkIw_PP7OYOEAIQFg
achievement_high_roller,CgkIw_PP7OYOEAIQFw
achievement_50_challenges,CgkIw_PP7OYOEAIQDg